rating,character,year,species
6.9,12,1999,COMEDY
6.9,12,1999,ROMANCE
6.2,14,1992,ADVENTURE
6.2,14,1992,BIOGRAPHY
6.2,14,1992,DRAMA
6.2,14,1992,HISTORY
6.1,23,2001,ACTION
6.1,23,2001,CRIME
6.1,23,2001,DRAMA
6.1,23,2001,THRILLER
8.4,13,1968,ADVENTURE
8.4,13,1968,MYSTERY
8.4,13,1968,SCI-FI
6.9,16,1982,ACTION
6.9,16,1982,COMEDY
6.9,16,1982,CRIME
6.9,16,1982,DRAMA
6.9,16,1982,THRILLER
7.5,22,1997,ACTION
7.5,22,1997,ADVENTURE
7.5,22,1997,ROMANCE
7.5,22,1997,SCI-FI
7.5,22,1997,THRILLER
6.3,15,1999,CRIME
6.3,15,1999,MYSTERY
6.3,15,1999,THRILLER
5.2,8,1988,FANTASY
5.2,8,1988,HORROR
5.2,8,1988,THRILLER
4.7,8,1989,FANTASY
4.7,8,1989,HORROR
4.7,8,1989,THRILLER
4.9,8,1959,SCI-FI
4.9,8,1959,THRILLER
6.9,16,1997,DRAMA
6.9,16,1997,MYSTERY
6.9,16,1997,THRILLER
6.3,23,1997,ACTION
6.3,23,1997,DRAMA
6.3,23,1997,THRILLER
5.8,17,1982,COMEDY
5.8,17,1982,ROMANCE
5.8,17,1982,SCI-FI
7.8,20,1980,COMEDY
7.8,20,1980,ROMANCE
6.1,13,1988,CRIME
6.1,13,1988,DRAMA
6.1,13,1988,SCI-FI
6.1,13,1988,THRILLER
8.5,13,1986,ACTION
8.5,13,1986,SCI-FI
8.5,13,1986,THRILLER
8.4,28,1984,BIOGRAPHY
8.4,28,1984,DRAMA
8.4,28,1984,MUSIC
7.5,15,1981,HORROR
7.5,15,1981,ROMANCE
7.4,22,1932,DRAMA
5.7,21,2001,ACTION
5.7,21,2001,WESTERN
7.4,17,2000,DRAMA
7.4,17,2000,THRILLER
6.0,16,2001,DRAMA
6.0,16,2001,THRILLER
7.1,18,1997,ACTION
7.1,18,1997,ADVENTURE
7.1,18,1997,COMEDY
7.1,18,1997,CRIME
3.4,12,1998,ACTION
3.4,12,1998,ADVENTURE
3.4,12,1998,THRILLER
5.9,21,1984,COMEDY
5.9,21,1984,ROMANCE
6.6,14,1991,ACTION
6.6,14,1991,CRIME
6.6,14,1991,DRAMA
6.6,14,1991,MYSTERY
6.6,14,1991,THRILLER
6.9,10,1992,CRIME
6.9,10,1992,DRAMA
6.3,19,2000,COMEDY
6.3,19,2000,DRAMA
6.3,19,2000,MUSIC
8.1,22,1975,DRAMA
8.1,22,1975,ROMANCE
8.1,22,1975,WAR
6.3,12,2003,CRIME
6.3,12,2003,DRAMA
6.3,12,2003,MYSTERY
6.3,12,2003,THRILLER
8.1,11,2003,ADVENTURE
8.1,11,2003,DRAMA
8.1,11,2003,FANTASY
6.0,6,2001,COMEDY
6.0,6,2001,CRIME
6.0,6,2001,ROMANCE
6.0,6,2001,THRILLER
7.1,15,2006,DRAMA
6.4,9,1989,ACTION
6.4,9,1989,CRIME
6.4,9,1989,DRAMA
6.4,9,1989,THRILLER
8.3,18,1982,DRAMA
8.3,18,1982,SCI-FI
8.3,18,1982,THRILLER
6.4,21,1999,COMEDY
6.4,21,1999,DRAMA
6.4,21,1999,ROMANCE
7.8,14,1986,CRIME
7.8,14,1986,MYSTERY
7.8,14,1986,THRILLER
7.8,17,1999,ACTION
7.8,17,1999,CRIME
7.8,17,1999,DRAMA
7.8,17,1999,THRILLER
7.2,13,1996,COMEDY
7.2,13,1996,CRIME
7.6,16,2004,ACTION
7.6,16,2004,ADVENTURE
7.6,16,2004,MYSTERY
7.6,16,2004,THRILLER
8.4,15,1995,ACTION
8.4,15,1995,BIOGRAPHY
8.4,15,1995,DRAMA
8.4,15,1995,HISTORY
8.4,15,1995,WAR
7.8,15,2004,DRAMA
7.8,15,2004,MYSTERY
7.8,15,2004,SCI-FI
7.8,15,2004,THRILLER
8.8,15,1942,DRAMA
8.8,15,1942,ROMANCE
8.8,15,1942,WAR
7.5,16,2000,ADVENTURE
7.5,16,2000,DRAMA
7.5,19,1999,DRAMA
7.5,19,1999,ROMANCE
6.8,17,2003,CRIME
6.8,17,2003,THRILLER
7.2,12,1998,CRIME
7.2,12,1998,DRAMA
6.5,7,1974,COMEDY
6.5,7,1974,SCI-FI
6.5,7,1974,THRILLER
5.3,17,1990,ACTION
5.3,17,1990,CRIME
5.3,17,1990,DRAMA
5.3,17,1990,HORROR
5.3,17,1990,SCI-FI
5.3,17,1990,THRILLER
6.5,16,1999,COMEDY
6.5,16,1999,MUSIC
8.3,19,2001,DRAMA
8.3,19,2001,MYSTERY
8.3,19,2001,SCI-FI
6.3,20,1999,COMEDY
6.3,20,1999,ADULT
8.1,8,1933,COMEDY
8.1,8,1933,MUSICAL
8.4,15,1980,BIOGRAPHY
8.4,15,1980,DRAMA
8.4,15,1980,HISTORY
5.9,19,1989,COMEDY
5.9,19,1989,ADVENTURE
5.9,19,1989,FANTASY
8.5,14,2004,DRAMA
8.5,14,2004,ROMANCE
8.5,14,2004,SCI-FI
4.0,7,1993,COMEDY
4.0,7,1993,DRAMA
4.0,7,1993,ROMANCE
4.0,7,1993,WESTERN
6.4,10,1997,HORROR
6.4,10,1997,MYSTERY
6.4,10,1997,MYSTERY
6.4,10,1997,SCI-FI
6.4,10,1997,SCI-FI
5.7,11,2005,ACTION
5.7,11,2005,ADVENTURE
5.7,11,2005,FANTASY
5.7,11,2005,SCI-FI
5.7,11,2005,FANTASY
7.2,18,1982,COMEDY
7.2,18,1982,DRAMA
7.2,18,1982,ROMANCE
7.6,8,1998,DRAMA
7.6,8,1998,FANTASY
6.4,16,2005,ACTION
6.4,16,2005,COMEDY
6.4,16,2005,HORROR
6.4,16,2005,THRILLER
7.2,29,1982,BIOGRAPHY
7.2,29,1982,DRAMA
8.0,12,1931,DRAMA
8.0,12,1931,HORROR
8.0,12,1931,SCI-FI
5.6,12,2009,HORROR
7.1,12,1996,ACTION
7.1,12,1996,CRIME
7.1,12,1996,HORROR
7.1,12,1996,THRILLER
5.6,17,1997,ACTION
5.6,17,1997,DRAMA
4.9,12,1998,ACTION
4.9,12,1998,HORROR
4.9,12,1998,SCI-FI
4.9,12,1998,THRILLER
7.2,14,1999,ACTION
7.2,14,1999,ADVENTURE
7.2,14,1999,COMEDY
7.2,14,1999,SCI-FI
7.5,17,2000,DRAMA
6.9,18,1995,COMEDY
6.9,18,1995,CRIME
6.9,18,1995,THRILLER
5.3,7,2002,HORROR
5.3,7,2002,MYSTERY
5.3,7,2002,THRILLER
7.7,19,2001,COMEDY
7.7,19,2001,DRAMA
6.6,9,1996,ADVENTURE
6.6,9,1996,DRAMA
6.6,9,1996,THRILLER
6.1,16,1989,ACTION
6.1,16,1989,ADVENTURE
6.1,16,1989,COMEDY
6.1,16,1989,FANTASY
6.1,16,1989,SCI-FI
6.1,16,1989,ACTION
6.1,16,1989,ADVENTURE
6.1,16,1989,COMEDY
6.1,16,1989,SCI-FI
6.9,19,1986,ANIMATION
6.9,19,1986,COMEDY
6.9,19,1986,FANTASY
6.9,19,1986,SCI-FI
6.9,19,1986,HORROR
8.4,14,2000,ACTION
8.4,14,2000,ADVENTURE
8.4,14,2000,DRAMA
8.2,14,1967,COMEDY
8.2,14,1967,DRAMA
8.2,14,1967,ROMANCE
7.7,19,1932,DRAMA
7.7,19,1932,ROMANCE
7.0,15,1990,CRIME
7.0,15,1990,DRAMA
7.0,15,1990,THRILLER
5.4,12,1998,DRAMA
5.4,12,1998,HORROR
5.4,12,1998,THRILLER
4.5,11,1995,HORROR
4.5,11,1995,THRILLER
5.8,9,1971,COMEDY
5.8,9,1971,DRAMA
6.7,19,1979,DRAMA
8.1,12,1971,COMEDY
8.1,12,1971,ROMANCE
6.2,9,1988,DRAMA
6.2,9,1988,HORROR
6.2,9,1988,THRILLER
6.8,12,2004,ACTION
6.8,12,2004,ADVENTURE
6.8,12,2004,FANTASY
7.0,11,1987,HORROR
7.6,14,2000,COMEDY
7.6,14,2000,DRAMA
7.6,14,2000,MUSIC
7.6,14,2000,ROMANCE
7.2,29,1986,ACTION
7.2,29,1986,FANTASY
8.1,22,1940,COMEDY
8.1,22,1940,DRAMA
8.1,22,1940,ROMANCE
7.4,11,1987,DRAMA
7.4,11,1987,WAR
5.6,14,2003,HORROR
6.3,10,2001,COMEDY
6.3,10,2001,DRAMA
8.2,10,1961,DRAMA
8.2,10,1961,ROMANCE
8.2,10,1961,SPORT
7.1,5,2007,DRAMA
7.1,5,2007,SCI-FI
7.1,5,2007,THRILLER
6.4,6,1953,HORROR
6.4,6,1953,SCI-FI
6.6,19,1996,ACTION
6.6,19,1996,ADVENTURE
6.6,19,1996,SCI-FI
6.6,19,1996,THRILLER
8.3,9,1989,ACTION
8.3,9,1989,ADVENTURE
8.3,9,1989,THRILLER
8.3,9,1989,ACTION
8.3,9,1989,ADVENTURE
8.3,9,1989,FANTASY
7.5,8,1984,ACTION
7.5,8,1984,ADVENTURE
6.5,16,1987,ACTION
6.5,16,1987,ADVENTURE
6.5,16,1987,COMEDY
6.5,16,1987,CRIME
6.5,16,1987,SCI-FI
8.0,27,1999,BIOGRAPHY
8.0,27,1999,DRAMA
8.0,27,1999,THRILLER
6.4,18,2003,COMEDY
6.4,18,2003,ROMANCE
6.4,18,2003,CRIME
8.3,25,1934,COMEDY
8.3,25,1934,ROMANCE
8.0,34,1991,BIOGRAPHY
8.0,34,1991,DRAMA
8.0,34,1991,HISTORY
8.0,34,1991,MYSTERY
8.0,34,1991,THRILLER
7.6,13,1997,CRIME
7.6,13,1997,DRAMA
7.6,13,1997,THRILLER
7.5,26,1990,DRAMA
7.5,26,1990,MYSTERY
7.5,26,1990,THRILLER
4.4,14,2001,HORROR
4.4,14,2001,SCI-FI
8.3,12,1975,THRILLER
7.9,16,2007,COMEDY
7.9,16,2007,DRAMA
6.7,8,1993,CRIME
6.7,8,1993,DRAMA
6.7,8,1993,THRILLER
6.8,20,1995,CRIME
6.8,20,1995,DRAMA
5.8,14,1992,MYSTERY
5.8,14,1992,THRILLER
5.9,14,1983,FANTASY
5.9,14,1983,ACTION
5.9,14,1983,ADVENTURE
5.9,14,1983,SCI-FI
8.6,10,1994,CRIME
8.6,10,1994,DRAMA
8.6,10,1994,THRILLER
7.6,6,1995,DRAMA
7.6,6,1995,ROMANCE
6.2,19,2001,COMEDY
6.2,13,1985,FANTASY
6.2,13,1985,ADVENTURE
6.2,13,1985,ROMANCE
7.5,14,2001,DRAMA
7.5,14,2001,ROMANCE
7.3,27,2003,DRAMA
7.3,27,2003,CRIME
7.3,27,2003,THRILLER
5.0,19,2000,FANTASY
5.0,19,2000,COMEDY
5.0,19,2000,ROMANCE
5.0,19,2000,ANIMATION
5.0,19,2000,COMEDY
5.0,19,2000,FANTASY
5.0,19,2000,HORROR
6.7,13,1976,ACTION
6.7,13,1976,SCI-FI
7.6,23,1997,DRAMA
7.6,23,1997,HORROR
7.6,23,1997,MYSTERY
7.6,23,1997,THRILLER
7.8,12,1937,ADVENTURE
7.8,12,1937,DRAMA
7.8,12,1937,FANTASY
7.8,12,1937,MYSTERY
7.0,14,1997,ACTION
7.0,14,1997,ADVENTURE
7.0,14,1997,COMEDY
7.0,14,1997,SCI-FI
7.7,20,2002,ACTION
7.7,20,2002,CRIME
7.7,20,2002,MYSTERY
7.7,20,2002,SCI-FI
7.7,20,2002,THRILLER
7.7,20,2002,ACTION
7.7,20,2002,ANIMATION
7.7,20,2002,DRAMA
7.7,20,2002,MYSTERY
7.7,20,2002,SCI-FI
7.7,20,2002,THRILLER
6.4,22,2001,COMEDY
6.4,22,2001,CRIME
6.4,22,2001,DRAMA
6.4,22,2001,THRILLER
7.7,26,1992,BIOGRAPHY
7.7,26,1992,DRAMA
7.7,26,1992,HISTORY
7.7,17,2004,ACTION
7.7,17,2004,CRIME
7.7,17,2004,DRAMA
7.7,17,2004,THRILLER
7.7,17,1955,DRAMA
7.7,17,1955,ROMANCE
7.8,19,1970,COMEDY
7.8,19,1970,WAR
7.8,19,1970,DRAMA
7.7,18,1941,COMEDY
7.7,18,1941,DRAMA
7.7,18,1941,ROMANCE
5.3,14,1997,ACTION
5.3,14,1997,COMEDY
5.3,14,1997,CRIME
5.3,14,1997,DRAMA
5.3,14,1997,THRILLER
8.4,11,1927,ADVENTURE
8.4,11,1927,DRAMA
8.4,11,1927,SCI-FI
8.2,16,1994,ACTION
8.2,16,1994,FAMILY
5.5,18,1991,CRIME
5.5,18,1991,DRAMA
4.5,13,2001,ANIMATION
4.5,13,2001,COMEDY
4.5,13,2001,FANTASY
4.5,13,2001,ROMANCE
6.7,5,1998,SHORT
8.4,22,1939,DRAMA
8.0,31,1936,COMEDY
8.0,31,1936,ROMANCE
6.8,17,1999,COMEDY
6.8,17,1999,DRAMA
6.9,10,1999,ACTION
6.9,10,1999,ADVENTURE
6.9,10,1999,FANTASY
5.9,13,1999,ACTION
5.9,13,1999,COMEDY
5.9,13,1999,FANTASY
5.5,28,1995,FAMILY
5.5,28,1995,ADVENTURE
5.4,16,2000,COMEDY
6.2,11,1995,CRIME
6.2,11,1995,DRAMA
6.2,11,1995,THRILLER
8.2,15,1955,DRAMA
8.2,15,1955,FILM-NOIR
8.2,15,1955,THRILLER
7.4,9,1984,HORROR
7.9,19,1939,COMEDY
7.9,19,1939,ROMANCE
7.1,28,1995,BIOGRAPHY
7.1,28,1995,DRAMA
8.3,18,2007,CRIME
8.3,18,2007,DRAMA
8.3,18,2007,MYSTERY
8.3,18,2007,THRILLER
8.3,18,2007,WESTERN
6.4,22,2000,COMEDY
6.4,22,2000,CRIME
6.4,22,2000,ROMANCE
6.4,22,2000,THRILLER
7.8,15,2000,COMEDY
7.8,15,2000,ADVENTURE
7.8,15,2000,CRIME
7.8,15,2000,MUSIC
6.8,11,1982,DRAMA
6.8,11,1982,ROMANCE
6.9,8,2002,THRILLER
5.9,19,1995,DRAMA
6.9,17,2000,ACTION
6.9,17,2000,DRAMA
6.9,17,2000,WAR
6.3,5,1989,DRAMA
6.3,5,1989,FANTASY
6.3,5,1989,HORROR
6.3,5,1989,MYSTERY
6.3,5,1989,THRILLER
7.2,12,2003,ADVENTURE
7.2,12,2003,FANTASY
7.2,12,2003,HORROR
6.7,8,1999,DRAMA
6.9,11,1931,COMEDY
6.9,11,1931,ROMANCE
7.5,15,1998,COMEDY
7.5,15,1998,DRAMA
7.5,15,1998,FANTASY
7.4,18,2002,COMEDY
7.4,18,2002,DRAMA
7.4,18,2002,ROMANCE
7.3,17,2000,BIOGRAPHY
7.3,17,2000,DRAMA
7.3,17,2000,HISTORY
7.3,17,2000,ROMANCE
7.1,12,1999,BIOGRAPHY
7.1,12,1999,DRAMA
8.4,12,1980,BIOGRAPHY
8.4,12,1980,DRAMA
8.4,12,1980,SPORT
8.7,10,1954,CRIME
8.7,10,1954,MYSTERY
8.7,10,1954,ROMANCE
8.7,10,1954,THRILLER
7.9,15,1955,DRAMA
7.9,15,1955,ROMANCE
5.5,13,2000,ACTION
5.5,13,2000,CRIME
5.5,13,2000,DRAMA
5.5,13,2000,THRILLER
8.4,13,1992,CRIME
8.4,13,1992,MYSTERY
8.4,13,1992,THRILLER
6.9,13,1949,ACTION
6.9,13,1949,DRAMA
6.9,13,1949,ROMANCE
6.9,13,1949,WESTERN
4.7,15,2001,COMEDY
6.4,18,1994,COMEDY
6.4,18,1994,THRILLER
6.9,20,1943,DRAMA
6.9,20,1943,HORROR
6.9,20,1943,THRILLER
7.1,9,1989,DRAMA
6.5,12,1975,HORROR
6.5,12,1975,SCI-FI
5.4,23,1981,COMEDY
5.4,23,1981,MUSICAL
7.8,12,2004,COMEDY
7.8,12,2004,DRAMA
7.8,12,2004,ROMANCE
6.9,7,2002,DRAMA
6.9,7,2002,MYSTERY
6.9,7,2002,SCI-FI
6.9,7,2002,THRILLER
7.0,17,1985,ACTION
7.0,17,1985,WESTERN
8.3,18,2010,SHORT
8.3,18,2010,DRAMA
8.3,18,2010,HORROR
8.3,18,2010,THRILLER
8.2,7,1999,DRAMA
8.2,7,1999,MYSTERY
8.2,7,1999,THRILLER
4.2,12,2002,COMEDY
4.2,12,2002,HORROR
4.2,12,2002,THRILLER
6.6,11,2006,COMEDY
6.6,11,2006,HORROR
6.6,11,2006,SCI-FI
6.6,12,1977,ACTION
6.6,12,1977,COMEDY
6.6,12,1977,CRIME
6.6,12,1977,ROMANCE
6.6,19,2006,ACTION
6.6,19,2006,CRIME
6.6,19,2006,DRAMA
6.6,19,2006,THRILLER
6.2,5,2002,DRAMA
6.2,5,2002,MYSTERY
6.2,5,2002,ROMANCE
6.2,5,2002,SCI-FI
6.1,12,1987,ACTION
6.1,12,1987,CRIME
6.1,12,1987,DRAMA
6.1,12,1987,ROMANCE
6.1,12,1987,THRILLER
7.4,18,2002,ACTION
7.4,18,2002,ADVENTURE
7.4,18,2002,FANTASY
7.4,18,2002,SCI-FI
7.4,18,2002,ACTION
7.4,18,2002,ADVENTURE
7.4,18,2002,SCI-FI
7.4,18,2002,THRILLER
8.2,16,1953,DRAMA
8.2,16,1953,WAR
6.5,15,1994,ACTION
6.5,15,1994,MYSTERY
6.5,15,1994,SCI-FI
6.5,15,1994,THRILLER
6.5,20,1984,ACTION
6.5,20,1984,ADVENTURE
6.5,20,1984,SCI-FI
6.5,20,1984,THRILLER
7.8,17,1982,ACTION
7.8,17,1982,ADVENTURE
7.8,17,1982,SCI-FI
7.8,17,1982,THRILLER
7.3,22,1986,ADVENTURE
7.3,22,1986,COMEDY
7.3,22,1986,SCI-FI
6.3,19,1998,ACTION
6.3,19,1998,ADVENTURE
6.3,19,1998,SCI-FI
6.3,19,1998,THRILLER
7.6,16,1996,ACTION
7.6,16,1996,ADVENTURE
7.6,16,1996,SCI-FI
7.6,16,1996,THRILLER
7.2,17,1991,ACTION
7.2,17,1991,MYSTERY
7.2,17,1991,SCI-FI
7.2,17,1991,THRILLER
6.4,15,2002,ACTION
6.4,15,2002,SCI-FI
6.4,15,2002,THRILLER
6.9,15,1984,ADVENTURE
6.9,15,1984,DRAMA
6.9,15,1984,ROMANCE
6.9,15,1984,SCI-FI
7.1,11,1995,ACTION
7.1,11,1995,CRIME
7.1,11,1995,DRAMA
7.1,11,1995,FANTASY
7.1,11,1995,MUSIC
7.1,11,1995,MYSTERY
7.1,11,1995,SCI-FI
7.1,11,1995,THRILLER
5.8,15,2004,CRIME
5.8,15,2004,HORROR
5.8,15,2004,SCI-FI
5.8,15,2004,THRILLER
7.6,15,1996,COMEDY
7.6,15,1996,DRAMA
9.2,23,1972,CRIME
9.2,23,1972,DRAMA
9.2,23,1972,THRILLER
7.2,11,1999,CRIME
7.2,11,1999,DRAMA
7.2,11,1999,THRILLER
8.6,13,1976,DRAMA
8.6,13,1976,THRILLER
7.3,4,1996,ACTION
7.3,4,1996,ADVENTURE
7.3,4,1996,THRILLER
6.8,17,2001,DRAMA
6.8,17,2001,ROMANCE
7.9,16,1963,HORROR
7.9,16,1963,ROMANCE
7.9,16,1963,THRILLER
7.4,8,1945,DRAMA
7.4,8,1945,HORROR
7.4,8,1945,THRILLER
4.7,11,2000,ACTION
4.7,11,2000,CRIME
4.7,11,2000,FANTASY
4.7,11,2000,MYSTERY
4.7,11,2000,THRILLER
5.5,11,2008,DRAMA
5.5,11,2008,SCI-FI
5.5,11,2008,THRILLER
7.0,10,1987,COMEDY
7.0,10,1987,FANTASY
7.0,10,1987,HORROR
7.0,10,1987,THRILLER
8.2,12,1982,HORROR
8.2,12,1982,MYSTERY
8.2,12,1982,SCI-FI
8.2,12,1982,THRILLER
5.7,13,2002,SCI-FI
5.7,13,2002,ADVENTURE
5.7,13,2002,ACTION
7.1,12,2005,DRAMA
7.1,12,2005,FANTASY
7.1,12,2005,MYSTERY
7.1,12,2005,SCI-FI
7.1,12,2005,THRILLER
7.3,13,1991,CRIME
7.3,13,1991,DRAMA
7.3,13,1991,THRILLER
7.2,18,1998,COMEDY
7.2,18,1998,ROMANCE
7.3,14,2000,DRAMA
7.3,14,2000,HISTORY
7.3,14,2000,THRILLER
6.6,11,1992,CRIME
6.6,11,1992,MYSTERY
6.6,11,1992,THRILLER
6.6,11,1992,WESTERN
6.5,16,1986,ACTION
6.5,16,1986,DRAMA
6.5,16,1986,ROMANCE
7.4,17,1990,ACTION
7.4,17,1990,ADVENTURE
7.4,17,1990,SCI-FI
7.4,17,1990,THRILLER
7.1,10,1990,ACTION
7.1,10,1990,COMEDY
7.1,10,1990,HORROR
7.1,10,1990,THRILLER
6.7,17,1989,DRAMA
6.7,17,1989,CRIME
7.0,30,1992,DRAMA
7.0,30,1992,HORROR
7.0,30,1992,MYSTERY
7.0,30,1992,THRILLER
7.7,22,1982,DRAMA
7.1,16,1953,ACTION
7.1,16,1953,HORROR
7.1,16,1953,SCI-FI
7.1,16,1953,THRILLER
6.3,13,1994,FANTASY
6.3,13,1994,HORROR
6.3,13,1994,MYSTERY
6.3,13,1994,THRILLER
6.4,21,1996,ADVENTURE
6.4,21,1996,DRAMA
7.2,22,1990,CRIME
7.2,22,1990,ROMANCE
7.2,22,1990,THRILLER
7.5,16,2000,DRAMA
7.5,16,2000,COMEDY
7.4,9,2004,DRAMA
7.6,9,1989,ACTION
7.6,9,1989,ADVENTURE
7.6,9,1989,DRAMA
7.6,9,1989,SCI-FI
7.6,9,1989,THRILLER
7.9,20,1960,DRAMA
7.9,20,1960,MYSTERY
6.5,10,1985,DRAMA
6.5,10,1985,MYSTERY
6.5,10,1985,THRILLER
7.6,20,1964,COMEDY
7.6,20,1964,MUSIC
8.5,7,1979,ADVENTURE
8.5,7,1979,HORROR
8.5,7,1979,SCI-FI
8.5,7,1979,THRILLER
7.8,13,1993,ACTION
7.8,13,1993,ADVENTURE
7.8,13,1993,SCI-FI
8.5,12,1950,DRAMA
8.0,25,1976,DRAMA
8.0,25,1976,HISTORY
8.0,25,1976,THRILLER
6.9,19,1999,COMEDY
6.9,19,1999,ROMANCE
4.9,11,1997,HORROR
4.9,11,1997,ROMANCE
4.9,11,1997,THRILLER
4.9,11,1997,COMEDY
6.6,10,1997,ANIMATION
6.6,10,1997,ADVENTURE
6.6,10,1997,DRAMA
6.6,10,1997,FAMILY
6.6,10,1997,MUSICAL
6.6,10,1997,ANIMATION
6.6,10,1997,FAMILY
8.3,24,1977,COMEDY
8.3,24,1977,DRAMA
8.3,24,1977,ROMANCE
6.2,16,2001,DRAMA
6.2,16,2001,COMEDY
6.8,10,1998,ANIMATION
6.8,10,1998,ADVENTURE
6.8,10,1998,COMEDY
6.8,10,1998,FAMILY
8.4,16,1960,ROMANCE
8.4,16,1960,COMEDY
8.4,16,1960,DRAMA
8.6,22,1979,DRAMA
8.6,22,1979,WAR
4.8,12,1993,ACTION
4.8,12,1993,THRILLER
7.8,15,1997,COMEDY
7.8,15,1997,DRAMA
7.8,15,1997,ROMANCE
6.0,10,1995,ACTION
6.0,10,1995,THRILLER
6.0,10,1995,CRIME
6.1,14,2005,DRAMA
6.1,14,2005,ROMANCE
6.1,14,2005,THRILLER
7.1,9,2002,DRAMA
7.1,9,2002,ROMANCE
8.4,12,1985,ADVENTURE
8.4,12,1985,FAMILY
8.4,12,1985,SCI-FI
7.9,12,1973,CRIME
7.9,12,1973,DRAMA
7.9,12,1973,ROMANCE
7.9,12,1973,THRILLER
6.0,16,1984,ADVENTURE
6.0,16,1984,ROMANCE
6.0,16,1984,COMEDY
6.0,16,1984,SCI-FI
7.8,12,1991,DRAMA
7.8,12,1991,MYSTERY
7.8,12,1991,THRILLER
6.9,11,1992,MYSTERY
6.9,11,1992,ROMANCE
6.9,11,1992,THRILLER
6.7,23,1996,BIOGRAPHY
6.7,23,1996,DRAMA
6.9,9,1992,ACTION
6.9,9,1992,CRIME
6.9,9,1992,FANTASY
6.9,9,1992,THRILLER
6.9,9,1992,ANIMATION
6.9,9,1992,CRIME
6.9,9,1992,FANTASY
6.9,9,1992,ACTION
6.9,9,1992,THRILLER
6.5,13,1949,ACTION
6.5,13,1949,ADVENTURE
6.5,13,1949,CRIME
6.5,13,1949,DRAMA
6.5,13,1949,SCI-FI
5.4,10,1995,ACTION
5.4,10,1995,CRIME
5.4,10,1995,FANTASY
5.4,10,1995,THRILLER
7.6,15,1989,CRIME
7.6,15,1989,DRAMA
7.6,15,1989,THRILLER
7.6,15,1989,ACTION
7.6,15,1989,ADVENTURE
7.6,15,1989,CRIME
5.8,13,1997,COMEDY
5.8,13,1997,FAMILY
6.6,9,1996,ANIMATION
6.6,9,1996,ADVENTURE
6.6,9,1996,COMEDY
6.6,9,1996,CRIME
7.3,11,1988,COMEDY
7.3,11,1988,FANTASY
8.0,28,1979,DRAMA
8.0,28,1979,COMEDY
7.9,19,1999,COMEDY
7.9,19,1999,DRAMA
7.9,19,1999,FANTASY
7.9,19,1999,ROMANCE
5.6,11,1998,DRAMA
5.6,11,1998,MYSTERY
8.2,21,1998,COMEDY
8.2,21,1998,CRIME
8.2,21,1998,MYSTERY
5.6,2,2006,CRIME
5.6,2,2006,DRAMA
5.6,2,2006,HISTORY
5.6,2,2006,MYSTERY
5.6,2,2006,THRILLER
6.6,10,2002,ACTION
6.6,10,2002,FANTASY
6.6,10,2002,HORROR
6.6,10,2002,THRILLER
6.6,10,2002,ACTION
6.6,10,2002,ADVENTURE
6.6,10,2002,HORROR
7.0,9,1998,ACTION
7.0,9,1998,ADVENTURE
7.0,9,1998,FANTASY
7.0,9,1998,HORROR
7.0,9,1998,THRILLER
4.1,9,2000,CRIME
4.1,9,2000,HORROR
4.1,9,2000,MYSTERY
4.1,9,2000,THRILLER
7.8,10,1984,CRIME
7.8,10,1984,DRAMA
7.8,10,1984,THRILLER
4.5,14,1997,ACTION
4.5,14,1997,THRILLER
7.4,22,2001,BIOGRAPHY
7.4,22,2001,CRIME
7.4,22,2001,DRAMA
8.2,16,1966,DRAMA
8.2,16,1966,HISTORY
8.2,16,1966,WAR
4.1,19,1993,DRAMA
4.1,19,1993,ROMANCE
4.1,19,1993,THRILLER
7.2,13,1995,DRAMA
7.2,13,1995,ROMANCE
4.0,15,2001,CRIME
4.0,15,2001,HORROR
7.5,7,1996,CRIME
7.5,7,1996,DRAMA
7.5,7,1996,THRILLER
7.7,18,2002,ACTION
7.7,18,2002,ADVENTURE
7.7,18,2002,MYSTERY
7.7,18,2002,THRILLER
8.0,20,1985,DRAMA
8.0,20,1985,FANTASY
8.0,20,1985,SCI-FI
6.8,15,1999,DRAMA
6.8,15,1999,THRILLER
7.1,16,1987,COMEDY
7.1,16,1987,DRAMA
7.1,16,1987,ROMANCE
6.8,12,1959,COMEDY
6.8,12,1959,HORROR
5.3,19,1992,HORROR
5.3,19,1992,COMEDY
5.3,19,1992,ACTION
7.0,16,1988,COMEDY
7.0,16,1988,ROMANCE
7.0,16,1988,SPORT
8.1,44,1995,BIOGRAPHY
8.1,44,1995,CRIME
8.1,44,1995,DRAMA
3.2,13,2004,ACTION
3.2,13,2004,CRIME
3.2,13,2004,FANTASY
6.5,13,2004,ACTION
6.5,13,2004,CRIME
6.5,13,2004,THRILLER
7.3,10,1992,DRAMA
7.3,10,1992,THRILLER
8.0,15,1963,COMEDY
8.0,15,1963,MYSTERY
8.0,15,1963,ROMANCE
8.0,15,1963,THRILLER
4.8,23,2000,HORROR
4.8,23,2000,MYSTERY
4.8,23,2000,THRILLER
4.9,19,1999,ACTION
4.9,19,1999,ADVENTURE
4.9,19,1999,COMEDY
4.9,19,1999,THRILLER
8.5,26,1974,CRIME
8.5,26,1974,DRAMA
8.5,26,1974,MYSTERY
8.5,26,1974,THRILLER
8.5,6,1988,COMEDY
8.5,6,1988,DRAMA
8.5,6,1988,ROMANCE
8.6,21,1941,DRAMA
8.6,21,1941,MYSTERY
8.0,21,1994,COMEDY
6.2,13,1993,ACTION
6.2,13,1993,ADVENTURE
6.2,13,1993,THRILLER
8.5,20,1971,CRIME
8.5,20,1971,DRAMA
8.5,20,1971,SCI-FI
7.8,14,2004,CRIME
7.8,14,2004,DRAMA
7.8,14,2004,THRILLER
6.5,10,1997,ACTION
6.5,10,1997,CRIME
6.5,10,1997,MYSTERY
6.5,10,1997,ROMANCE
6.5,10,1997,THRILLER
7.4,15,1997,DRAMA
7.4,15,1997,MYSTERY
7.4,15,1997,SCI-FI
7.4,15,1997,THRILLER
8.3,12,1967,CRIME
8.3,12,1967,DRAMA
6.5,14,1995,CRIME
6.5,14,1995,MYSTERY
6.5,14,1995,THRILLER
8.0,5,2004,CRIME
8.0,5,2004,DRAMA
7.0,9,2007,DOCUMENTARY
6.4,20,2003,ACTION
6.4,20,2003,COMEDY
6.4,20,2003,CRIME
8.0,15,2003,ACTION
7.6,15,1994,ACTION
7.6,15,1994,CRIME
7.6,15,1994,FANTASY
7.6,15,1994,THRILLER
6.7,14,1999,DRAMA
6.7,14,1999,ROMANCE
6.7,14,1999,THRILLER
6.9,9,1944,DRAMA
6.9,9,1944,FANTASY
6.9,9,1944,HORROR
4.5,12,1987,SCI-FI
4.5,12,1987,HORROR
7.8,12,1998,MYSTERY
7.8,12,1998,SCI-FI
7.8,12,1998,THRILLER
6.8,9,1993,COMEDY
6.8,9,1993,ROMANCE
7.0,14,1985,HORROR
7.0,14,1985,SCI-FI
7.8,15,1989,DRAMA
5.7,8,1998,ACTION
5.7,8,1998,HORROR
5.7,8,1998,SCI-FI
5.7,8,1998,THRILLER
8.2,16,1978,DRAMA
8.2,16,1978,WAR
6.3,12,1993,ACTION
6.3,12,1993,CRIME
6.3,12,1993,SCI-FI
5.7,15,2004,COMEDY
5.7,15,2004,DRAMA
5.7,15,2004,FANTASY
8.3,11,1988,ACTION
8.3,11,1988,CRIME
8.3,11,1988,THRILLER
8.2,19,1975,CRIME
8.2,19,1975,DRAMA
5.9,17,2005,ACTION
5.9,17,2005,CRIME
5.9,17,2005,DRAMA
5.9,17,2005,THRILLER
7.9,17,1989,DRAMA
3.3,17,2003,COMEDY
6.5,13,1984,ACTION
6.5,13,1984,ADVENTURE
6.5,13,1984,SCI-FI
8.1,22,1994,BIOGRAPHY
8.1,22,1994,COMEDY
8.1,22,1994,DRAMA
6.1,19,1999,COMEDY
7.4,15,1999,COMEDY
7.4,15,1999,DRAMA
8.4,21,1997,CRIME
8.4,21,1997,DRAMA
8.4,21,1997,MYSTERY
8.4,21,1997,THRILLER
7.2,35,1998,ACTION
7.2,35,1998,DRAMA
7.2,35,1998,THRILLER
7.3,17,1996,ROMANCE
7.3,17,1996,DRAMA
7.3,17,1996,WAR
6.1,5,1999,ACTION
6.1,5,1999,CRIME
6.1,5,1999,ROMANCE
6.1,5,1999,THRILLER
7.2,22,2000,BIOGRAPHY
7.2,22,2000,DRAMA
7.2,22,2000,ROMANCE
8.0,16,1982,ANIMATION
8.0,16,1982,ADVENTURE
8.0,16,1982,ACTION
8.0,16,1982,FANTASY
6.1,7,1971,SCI-FI
6.1,7,1971,THRILLER
5.3,12,1996,ACTION
5.3,12,1996,ADVENTURE
5.3,12,1996,SCI-FI
5.3,12,1996,THRILLER
7.4,11,1981,ADVENTURE
7.4,11,1981,DRAMA
7.4,11,1981,FANTASY
8.1,20,1973,HORROR
8.1,20,1973,THRILLER
6.7,21,1989,DRAMA
6.7,21,1989,MUSIC
6.7,21,1989,ROMANCE
7.3,15,1997,ACTION
7.3,15,1997,CRIME
7.3,15,1997,DRAMA
7.3,15,1997,SCI-FI
7.3,15,1997,THRILLER
6.6,18,2000,COMEDY
6.6,18,2000,FANTASY
6.6,18,2000,DRAMA
6.6,18,2000,ROMANCE
3.8,11,1994,ACTION
3.8,11,1994,ADVENTURE
3.8,11,1994,SCI-FI
3.8,11,1994,FANTASY
6.8,10,1966,ADVENTURE
6.8,10,1966,SCI-FI
8.3,25,1996,CRIME
8.3,25,1996,DRAMA
8.3,25,1996,THRILLER
8.8,17,1999,CRIME
8.8,17,1999,DRAMA
8.8,17,1999,MYSTERY
8.8,17,1999,THRILLER
6.4,16,2003,HORROR
6.4,16,2003,THRILLER
6.8,7,2000,HORROR
6.8,7,2000,THRILLER
5.8,9,1985,ACTION
5.8,9,1985,ADVENTURE
5.8,9,1985,THRILLER
7.5,11,1991,COMEDY
7.5,11,1991,DRAMA
7.5,11,1991,ROMANCE
7.5,14,1970,DRAMA
6.5,9,2000,SHORT
6.7,22,1985,COMEDY
6.7,22,1985,CRIME
6.7,22,1985,MYSTERY
5.6,13,1990,ACTION
5.6,13,1990,ADVENTURE
5.6,13,1990,COMEDY
5.6,13,1990,MUSIC
7.9,18,1971,ACTION
7.9,18,1971,CRIME
7.9,18,1971,THRILLER
7.3,11,2000,CRIME
7.3,11,2000,DRAMA
7.3,11,2000,SCI-FI
7.3,11,2000,THRILLER
5.1,9,1982,HORROR
5.3,14,1986,COMEDY
5.3,14,1986,HORROR
5.3,14,1986,THRILLER
4.1,9,1993,HORROR
4.1,9,1993,THRILLER
3.9,11,1989,HORROR
6.0,17,2005,COMEDY
6.0,17,2005,DRAMA
6.0,17,2005,SPORT
8.2,15,1982,BIOGRAPHY
8.2,15,1982,DRAMA
8.2,15,1982,HISTORY
7.8,16,1997,DRAMA
7.8,16,1997,ROMANCE
7.8,16,1997,SCI-FI
7.8,16,1997,THRILLER
7.5,10,1972,ACTION
7.5,10,1972,ADVENTURE
7.5,10,1972,CRIME
7.5,10,1972,THRILLER
4.8,18,2000,ACTION
4.8,18,2000,CRIME
4.8,18,2000,DRAMA
4.8,18,2000,THRILLER
7.9,7,1992,DRAMA
9.0,32,1974,CRIME
9.0,32,1974,DRAMA
9.0,32,1974,THRILLER
7.5,12,1998,BIOGRAPHY
7.5,12,1998,DRAMA
6.0,16,2000,ACTION
6.0,16,2000,CRIME
6.0,16,2000,THRILLER
8.8,15,1990,CRIME
8.8,15,1990,DRAMA
8.8,15,1990,THRILLER
8.1,18,1997,DRAMA
8.3,33,1940,DRAMA
7.4,19,1997,COMEDY
7.4,19,1997,CRIME
7.4,19,1997,ROMANCE
7.4,19,1997,THRILLER
6.4,13,1998,DRAMA
6.4,13,1998,ROMANCE
6.4,13,1998,WESTERN
5.8,18,1995,ACTION
5.8,18,1995,CRIME
5.8,18,1995,DRAMA
5.8,18,1995,THRILLER
5.6,17,1988,HORROR
5.6,17,1988,THRILLER
7.9,13,1978,HORROR
7.9,13,1978,THRILLER
7.9,18,1986,COMEDY
7.9,18,1986,DRAMA
7.9,18,1986,ROMANCE
6.4,22,2001,CRIME
6.4,22,2001,THRILLER
5.4,12,2001,COMEDY
7.3,15,1989,COMEDY
7.3,15,1989,CRIME
7.6,4,1994,CRIME
7.6,4,1994,DRAMA
7.6,4,1994,FANTASY
7.6,4,1994,THRILLER
4.9,15,2002,HORROR
4.9,15,2002,MYSTERY
4.9,15,2002,THRILLER
6.3,15,1992,COMEDY
6.3,15,1992,DRAMA
5.6,13,1989,THRILLER
3.9,20,1994,FANTASY
3.9,20,1994,SCI-FI
3.9,20,1994,ACTION
6.6,28,2005,ACTION
6.6,28,2005,CRIME
6.6,28,2005,DRAMA
6.6,28,2005,THRILLER
8.3,20,2004,ADVENTURE
8.3,20,2004,DRAMA
8.3,20,2004,HISTORY
8.3,20,2004,THRILLER
8.3,20,2004,WAR
5.3,11,1999,HORROR
5.3,11,1999,MYSTERY
5.3,11,1999,THRILLER
4.3,6,1996,ACTION
4.3,6,1996,HORROR
4.3,6,1996,THRILLER
5.1,9,1992,HORROR
5.4,12,1991,ACTION
5.4,12,1991,ADVENTURE
5.4,12,1991,COMEDY
5.4,12,1991,ACTION
5.4,12,1991,ADVENTURE
5.4,12,1991,COMEDY
5.4,12,1991,CRIME
7.4,20,1994,COMEDY
7.4,20,1994,DRAMA
7.4,20,1994,FANTASY
7.4,20,1994,ROMANCE
7.3,9,1943,HORROR
7.5,16,1997,DRAMA
7.3,10,2002,CRIME
7.3,10,2002,DRAMA
7.3,10,2002,MYSTERY
7.3,10,2002,THRILLER
7.4,6,1994,DRAMA
7.4,6,1994,FANTASY
4.1,12,1998,HORROR
4.1,12,1998,MYSTERY
4.1,12,1998,THRILLER
6.6,8,1945,DRAMA
6.6,8,1945,HORROR
6.6,8,1945,MYSTERY
6.6,8,1945,THRILLER
8.7,30,1946,DRAMA
8.7,30,1946,FANTASY
8.7,30,1946,ROMANCE
5.6,25,1978,THRILLER
3.3,16,1983,THRILLER
2.6,11,1987,THRILLER
6.8,2,1927,DRAMA
6.8,2,1927,MUSIC
6.8,2,1927,ROMANCE
6.2,10,1992,THRILLER
6.2,10,1992,MYSTERY
7.3,15,1996,COMEDY
7.3,15,1996,DRAMA
7.3,15,1996,ROMANCE
7.3,15,1996,SPORT
5.7,6,2001,ACTION
5.7,6,2001,ADVENTURE
5.7,6,2001,SCI-FI
5.7,6,2001,THRILLER
6.0,10,1997,ACTION
6.0,10,1997,ADVENTURE
6.0,10,1997,SCI-FI
6.0,10,1997,THRILLER
6.0,10,1997,ACTION
6.0,10,1997,ADVENTURE
6.0,10,1997,ANIMATION
6.0,10,1997,HORROR
6.0,10,1997,SCI-FI
6.0,10,1997,THRILLER
7.9,13,1993,ACTION
7.9,13,1993,ADVENTURE
7.9,13,1993,FAMILY
7.9,13,1993,SCI-FI
7.9,13,1993,ACTION
7.9,13,1993,ADVENTURE
7.9,13,1993,FANTASY
7.9,13,1993,SCI-FI
5.8,8,2003,HORROR
5.8,8,2003,THRILLER
6.9,14,1991,COMEDY
6.9,14,1991,DRAMA
6.9,14,1991,MYSTERY
6.9,14,1991,SCI-FI
6.9,14,1991,THRILLER
7.6,7,2005,ADVENTURE
7.6,7,2005,DRAMA
7.6,7,2005,ROMANCE
7.2,13,1971,MYSTERY
7.2,13,1971,ROMANCE
7.2,13,1971,THRILLER
7.7,17,1979,DRAMA
7.1,21,1997,BIOGRAPHY
7.1,21,1997,DRAMA
7.1,21,1997,HISTORY
7.1,21,1997,WAR
5.4,8,1999,ACTION
5.4,8,1999,COMEDY
5.4,8,1999,HORROR
5.4,8,1999,THRILLER
8.7,15,1991,CRIME
8.7,15,1991,THRILLER
7.3,12,1977,ACTION
7.3,12,1977,ADVENTURE
7.3,12,1977,WAR
5.3,10,1989,ADVENTURE
5.3,10,1989,HORROR
5.3,10,1989,MYSTERY
5.3,10,1989,SCI-FI
5.3,10,1989,THRILLER
8.2,23,1998,CRIME
8.2,23,1998,THRILLER
7.6,38,1996,DRAMA
7.6,38,1996,MYSTERY
7.6,38,1996,ROMANCE
7.6,38,1996,WESTERN
5.6,18,1995,FANTASY
5.6,18,1995,HORROR
5.6,18,1995,MYSTERY
5.6,18,1995,THRILLER
7.9,9,2003,DRAMA
7.9,9,2003,ROMANCE
4.6,17,2000,DRAMA
4.6,17,2000,HORROR
4.6,17,2000,THRILLER
4.6,17,2000,ROMANCE
6.7,13,2000,DRAMA
6.7,13,2000,ROMANCE
6.7,13,2000,SPORT
8.0,36,1999,DRAMA
6.1,13,1998,ACTION
6.1,13,1998,ADVENTURE
6.1,13,1998,DRAMA
6.1,13,1998,HISTORY
8.7,11,2003,ACTION
8.7,11,2003,ADVENTURE
8.7,11,2003,CRIME
8.7,11,2003,HORROR
8.7,11,2003,THRILLER
7.2,22,1986,CRIME
7.2,22,1986,THRILLER
7.4,17,1999,BIOGRAPHY
7.4,17,1999,COMEDY
7.4,17,1999,DRAMA
8.7,12,1999,ACTION
8.7,12,1999,ADVENTURE
8.7,12,1999,ADVENTURE
8.7,12,1999,ADVENTURE
8.7,12,1999,SCI-FI
3.8,16,1982,HORROR
3.8,16,1982,MYSTERY
3.8,16,1982,SCI-FI
6.9,14,1998,DRAMA
6.9,14,1998,FANTASY
6.9,14,1998,MYSTERY
6.9,14,1998,ROMANCE
8.7,11,2000,CRIME
8.7,11,2000,DRAMA
8.7,11,2000,MYSTERY
8.7,11,2000,THRILLER
6.0,13,2006,ACTION
6.0,13,2006,CRIME
6.0,13,2006,DRAMA
6.0,13,2006,THRILLER
8.0,10,1969,DRAMA
7.6,12,1978,BIOGRAPHY
7.6,12,1978,CRIME
7.6,12,1978,DRAMA
7.6,12,1978,THRILLER
5.7,8,1997,DRAMA
5.7,8,1997,HORROR
5.7,8,1997,SCI-FI
7.8,7,1990,THRILLER
5.7,11,2000,ACTION
5.7,11,2000,ADVENTURE
5.7,11,2000,THRILLER
6.9,14,1996,ACTION
6.9,14,1996,ADVENTURE
6.9,14,1996,THRILLER
7.1,19,1987,COMEDY
7.1,19,1987,ROMANCE
7.1,19,1987,DRAMA
8.4,28,1975,ADVENTURE
8.4,28,1975,COMEDY
7.2,14,1997,BIOGRAPHY
7.2,14,1997,DRAMA
7.2,14,1997,HISTORY
7.2,14,1997,ROMANCE
4.6,9,1993,SCI-FI
8.0,22,2001,DRAMA
8.0,22,2001,MYSTERY
8.0,22,2001,THRILLER
5.8,8,2009,CRIME
5.8,8,2009,DRAMA
5.8,8,2009,MYSTERY
4.8,17,1994,COMEDY
4.8,17,1994,DRAMA
4.8,17,1994,FAMILY
4.8,17,1994,ROMANCE
6.4,12,1991,COMEDY
6.4,12,1991,DRAMA
6.4,12,1991,FAMILY
6.4,12,1991,ROMANCE
6.2,7,1997,COMEDY
6.2,7,1997,ROMANCE
7.7,24,1975,DRAMA
7.7,24,1975,MUSIC
7.1,15,1994,ACTION
7.1,15,1994,CRIME
7.1,15,1994,DRAMA
7.1,15,1994,ROMANCE
7.1,15,1994,THRILLER
7.8,19,1964,DRAMA
7.8,19,1964,ROMANCE
7.2,3,1998,ACTION
7.2,3,1998,CRIME
7.2,3,1998,DRAMA
7.2,3,1998,MYSTERY
7.2,3,1998,THRILLER
9.3,13,1988,ACTION
9.3,13,1988,ADVENTURE
9.3,13,1988,ANIMATION
9.3,13,1988,SCI-FI
5.7,14,1999,COMEDY
5.7,14,1999,DRAMA
5.7,14,1999,ROMANCE
8.0,7,1993,ANIMATION
8.0,7,1993,FAMILY
8.0,7,1993,FANTASY
8.0,7,1993,MUSICAL
4.9,8,1985,FANTASY
4.9,8,1985,HORROR
4.9,8,1985,THRILLER
6.3,13,1987,FANTASY
6.3,13,1987,HORROR
6.3,13,1987,THRILLER
6.9,17,1999,COMEDY
6.9,17,1999,ROMANCE
8.9,21,1975,DRAMA
6.2,15,1994,COMEDY
6.2,15,1994,ROMANCE
8.4,19,1954,CRIME
8.4,19,1954,DRAMA
8.4,19,1954,ROMANCE
2.5,6,1965,FANTASY
2.5,6,1965,HORROR
7.2,19,1998,COMEDY
7.2,19,1998,CRIME
7.2,19,1998,ROMANCE
7.2,19,1998,THRILLER
5.4,21,2001,ACTION
5.4,21,2001,DRAMA
5.4,21,2001,ROMANCE
5.4,21,2001,WAR
6.3,15,1986,COMEDY
6.3,15,1986,DRAMA
6.3,15,1986,FANTASY
6.3,15,1986,ROMANCE
4.2,8,1992,ACTION
4.2,8,1992,HORROR
4.2,8,1992,THRILLER
7.6,17,1993,DRAMA
7.0,9,2000,ACTION
7.0,9,2000,SCI-FI
7.0,9,2000,THRILLER
5.5,12,2001,ACTION
5.5,12,2001,ADVENTURE
5.5,12,2001,SCI-FI
5.5,12,2001,THRILLER
5.5,12,2001,ANIMATION
5.5,12,2001,ACTION
5.5,12,2001,ADVENTURE
5.5,12,2001,SCI-FI
8.2,13,1986,ACTION
8.2,13,1986,DRAMA
8.2,13,1986,WAR
3.6,18,1996,THRILLER
6.8,12,1983,DRAMA
6.9,7,1991,ACTION
6.9,7,1991,ADVENTURE
6.9,7,1991,CRIME
6.9,7,1991,DRAMA
6.9,7,1991,SPORT
6.9,7,1991,THRILLER
7.8,6,1987,ACTION
7.8,6,1987,ADVENTURE
7.8,6,1987,SCI-FI
7.8,6,1987,THRILLER
6.7,12,1990,COMEDY
6.7,12,1990,ROMANCE
8.1,15,1987,ADVENTURE
8.1,15,1987,COMEDY
8.1,15,1987,FAMILY
8.1,15,1987,FANTASY
8.1,15,1987,ROMANCE
7.7,11,1968,COMEDY
8.7,14,1960,DRAMA
8.7,14,1960,HORROR
8.7,14,1960,MYSTERY
8.7,14,1960,THRILLER
8.7,14,1960,THRILLER
6.2,11,1980,DRAMA
6.2,11,1980,HORROR
6.2,11,1980,THRILLER
7.6,7,1932,FANTASY
7.6,7,1932,HORROR
6.8,14,1933,HORROR
6.8,14,1933,MYSTERY
6.8,14,1933,THRILLER
4.8,3,2000,SHORT
4.8,3,2000,ADVENTURE
4.8,3,2000,DRAMA
4.8,3,2000,ROMANCE
6.6,12,1991,DRAMA
6.3,11,2006,DOCUMENTARY
8.3,14,1983,ACTION
8.3,14,1983,ADVENTURE
8.3,14,1983,FANTASY
8.3,14,1983,SCI-FI
7.1,9,1975,COMEDY
7.1,9,1975,MUSICAL
8.1,21,1976,DRAMA
8.1,21,1976,ROMANCE
8.1,21,1976,SPORT
7.6,11,1988,ANIMATION
7.6,11,1988,COMEDY
7.6,11,1988,CRIME
7.6,11,1988,FAMILY
7.6,11,1988,FANTASY
7.6,11,1988,MYSTERY
7.6,11,1988,ANIMATION
7.6,11,1988,ADVENTURE
7.6,11,1988,ACTION
7.6,11,1988,FANTASY
7.8,14,1968,DRAMA
7.8,14,1968,ROMANCE
7.2,14,1998,ACTION
7.2,14,1998,CRIME
7.2,14,1998,THRILLER
6.0,12,1998,CRIME
6.0,12,1998,DRAMA
6.5,13,2001,ACTION
6.5,13,2001,COMEDY
6.5,13,2001,CRIME
6.5,13,2001,THRILLER
6.8,11,1998,ACTION
6.8,11,1998,COMEDY
6.8,11,1998,THRILLER
6.8,11,1998,CRIME
5.2,12,1999,COMEDY
5.2,12,1999,ROMANCE
6.6,19,1993,COMEDY
6.6,19,1993,ROMANCE
6.6,19,1993,DRAMA
7.6,14,1954,DRAMA
7.6,14,1954,HISTORY
7.1,16,2002,CRIME
7.1,16,2002,DRAMA
7.1,16,2002,MYSTERY
7.1,16,2002,THRILLER
8.5,9,1998,ACTION
8.5,9,1998,DRAMA
8.5,9,1998,HISTORY
8.5,9,1998,WAR
7.5,20,1989,COMEDY
7.5,20,1989,DRAMA
7.5,20,1989,ROMANCE
8.9,13,1993,BIOGRAPHY
8.9,13,1993,DRAMA
8.9,13,1993,HISTORY
8.9,13,1993,WAR
5.9,23,1997,HORROR
5.9,23,1997,MYSTERY
5.9,23,1997,THRILLER
5.3,16,2000,HORROR
5.3,16,2000,MYSTERY
5.3,16,2000,THRILLER
7.2,16,1996,CRIME
7.2,16,1996,HORROR
7.2,16,1996,MYSTERY
7.2,16,1996,THRILLER
6.1,9,1979,ACTION
6.1,9,1979,DRAMA
8.1,19,1956,ADVENTURE
8.1,19,1956,DRAMA
8.1,19,1956,WESTERN
5.2,6,2000,DRAMA
5.2,6,2000,HORROR
5.2,6,2000,THRILLER
7.4,22,1998,COMEDY
7.4,22,1998,DRAMA
7.4,22,1998,ROMANCE
7.4,11,1994,COMEDY
7.4,11,1994,CRIME
7.4,11,1994,DRAMA
7.4,11,1994,THRILLER
6.2,23,1975,DRAMA
6.2,23,1975,ROMANCE
8.5,12,1980,HORROR
8.5,12,1980,MYSTERY
8.5,12,1980,THRILLER
5.9,5,1985,ADVENTURE
5.9,5,1985,DRAMA
5.9,5,1985,HORROR
5.9,5,1985,MYSTERY
5.9,5,1985,THRILLER
5.9,18,1992,COMEDY
5.9,18,1992,CRIME
5.9,18,1992,MUSIC
7.5,16,1999,FANTASY
7.5,16,1999,MYSTERY
7.5,16,1999,THRILLER
8.0,16,1996,DRAMA
7.5,15,1995,COMEDY
7.5,15,1995,DRAMA
6.7,16,1999,DRAMA
6.7,16,1999,MYSTERY
6.7,16,1999,ROMANCE
6.7,16,1999,THRILLER
5.6,2,1998,ACTION
5.6,2,1998,DRAMA
5.6,2,1998,SCI-FI
8.4,17,1959,COMEDY
5.5,10,2005,COMEDY
5.5,10,2005,ROMANCE
7.8,17,1972,DRAMA
7.8,24,1999,ANIMATION
7.8,24,1999,COMEDY
7.8,24,1999,MUSICAL
2.9,13,1997,ACTION
2.9,13,1997,SCI-FI
5.8,15,1992,THRILLER
5.6,12,1998,DRAMA
5.6,12,1998,HORROR
5.6,12,1998,MYSTERY
5.6,12,1998,SCI-FI
5.6,12,1998,THRILLER
8.8,12,1977,ACTION
8.8,12,1977,ADVENTURE
8.8,12,1977,FANTASY
8.8,12,1977,SCI-FI
7.1,17,1997,ACTION
7.1,17,1997,ADVENTURE
7.1,17,1997,SCI-FI
7.1,17,1997,THRILLER
6.2,11,1979,ADVENTURE
6.2,11,1979,FANTASY
6.2,11,1979,MYSTERY
6.2,11,1979,SCI-FI
6.8,22,2000,COMEDY
6.8,22,2000,DRAMA
6.2,9,1998,COMEDY
6.2,9,1998,DRAMA
6.7,15,2001,COMEDY
6.7,15,2001,DRAMA
8.6,11,2007,ACTION
8.6,11,2007,ADVENTURE
8.6,11,2007,CRIME
8.6,18,1964,COMEDY
8.6,18,1964,DRAMA
6.5,12,1996,COMEDY
6.5,12,1996,DRAMA
5.2,11,2001,COMEDY
5.2,11,2001,CRIME
8.7,13,1950,DRAMA
8.7,13,1950,FILM-NOIR
4.1,15,1984,ACTION
4.1,15,1984,ADVENTURE
4.1,15,1984,SCI-FI
4.7,16,1983,ACTION
4.7,16,1983,ADVENTURE
4.7,16,1983,COMEDY
4.7,16,1983,FANTASY
4.7,16,1983,SCI-FI
6.7,17,1980,ACTION
6.7,17,1980,ADVENTURE
6.7,17,1980,FANTASY
6.7,17,1980,ROMANCE
6.7,17,1980,SCI-FI
3.4,10,1987,ACTION
3.4,10,1987,ADVENTURE
3.4,10,1987,FAMILY
3.4,10,1987,FANTASY
3.4,10,1987,SCI-FI
7.3,14,1978,ACTION
7.3,14,1978,FAMILY
7.3,14,1978,SCI-FI
7.8,16,1997,DRAMA
8.2,16,1957,DRAMA
8.2,16,1957,FILM-NOIR
8.5,10,1991,ACTION
8.5,10,1991,SCI-FI
8.5,10,1991,THRILLER
7.2,10,2001,DRAMA
7.2,10,2001,MUSIC
7.2,10,2001,WAR
8.1,10,1984,ACTION
8.1,10,1984,SCI-FI
8.1,10,1984,THRILLER
7.7,16,1997,DRAMA
7.7,16,1997,MYSTERY
7.7,16,1997,THRILLER
4.6,9,1999,HORROR
4.6,9,1999,THRILLER
4.6,9,1999,MYSTERY
7.0,17,1999,CRIME
7.0,17,1999,DRAMA
7.0,17,1999,MYSTERY
7.0,17,1999,THRILLER
7.7,16,2001,CRIME
7.7,16,2001,DRAMA
5.4,13,1997,HORROR
5.4,13,1997,MYSTERY
5.4,13,1997,THRILLER
8.0,16,1998,DRAMA
6.8,15,1998,CRIME
6.8,15,1998,HORROR
6.8,15,1998,MYSTERY
6.8,15,1998,SCI-FI
6.8,15,1998,THRILLER
6.2,8,2000,DRAMA
6.2,8,2000,FANTASY
6.2,8,2000,HORROR
6.2,8,2000,SCI-FI
6.2,8,2000,THRILLER
8.5,15,1949,FILM-NOIR
8.5,15,1949,MYSTERY
8.5,15,1949,THRILLER
6.3,6,2000,ADVENTURE
6.3,6,2000,DRAMA
6.3,6,2000,ROMANCE
6.3,6,2000,THRILLER
7.3,25,2001,DRAMA
7.4,14,1988,ADVENTURE
7.4,14,1988,DRAMA
7.4,14,1988,ROMANCE
6.2,8,2003,COMEDY
6.9,11,1943,DRAMA
6.9,11,1943,HORROR
6.9,11,1943,MYSTERY
6.9,11,1943,THRILLER
6.5,25,1999,CRIME
6.5,25,1999,DRAMA
6.5,25,1999,ROMANCE
6.5,25,1999,THRILLER
7.4,24,2009,DRAMA
7.4,24,2009,ROMANCE
7.4,24,2009,WAR
8.5,18,2002,BIOGRAPHY
8.5,18,2002,DRAMA
8.5,18,2002,WAR
7.5,6,1993,DRAMA
7.5,6,1993,ROMANCE
8.4,25,1973,COMEDY
8.4,25,1973,CRIME
8.4,25,1973,DRAMA
8.1,19,1934,COMEDY
8.1,19,1934,CRIME
8.1,19,1934,DRAMA
8.1,19,1934,MYSTERY
8.1,19,1934,ROMANCE
7.3,5,1999,ACTION
7.3,5,1999,ADVENTURE
7.3,5,1999,COMEDY
7.3,5,1999,DRAMA
7.3,5,1999,WAR
6.8,10,1971,DRAMA
6.8,10,1971,MYSTERY
6.8,10,1971,SCI-FI
6.8,10,1971,THRILLER
3.3,11,2001,ACTION
3.3,11,2001,THRILLER
3.3,11,2001,CRIME
8.2,13,1932,COMEDY
8.2,13,1932,CRIME
8.2,13,1932,ROMANCE
7.4,19,1997,DRAMA
7.4,19,1997,HISTORY
7.4,19,1997,ROMANCE
6.9,14,1934,COMEDY
6.9,14,1934,MUSICAL
6.9,14,1934,MYSTERY
6.9,14,1934,ROMANCE
7.7,20,1993,ACTION
7.7,20,1993,DRAMA
7.7,20,1993,HISTORY
7.7,20,1993,ROMANCE
7.7,20,1993,WESTERN
6.4,22,1997,ACTION
6.4,22,1997,ADVENTURE
6.4,22,1997,THRILLER
6.8,13,1990,DRAMA
8.2,12,1995,ANIMATION
8.2,12,1995,ADVENTURE
8.2,12,1995,COMEDY
8.2,12,1995,FAMILY
8.2,12,1995,FANTASY
6.2,4,1987,FANTASY
7.8,29,2000,CRIME
7.8,29,2000,DRAMA
7.8,29,2000,THRILLER
8.2,14,1996,CRIME
8.2,14,1996,DRAMA
5.0,14,1989,ACTION
5.0,14,1989,ADVENTURE
5.0,14,1989,SCI-FI
5.0,14,1989,THRILLER
6.7,12,1982,ACTION
6.7,12,1982,ADVENTURE
6.7,12,1982,SCI-FI
6.7,12,1982,THRILLER
6.7,12,1982,SCI-FI
7.2,12,1994,ACTION
7.2,12,1994,THRILLER
7.9,23,1993,CRIME
7.9,23,1993,ROMANCE
7.9,23,1993,THRILLER
8.1,14,1995,MYSTERY
8.1,14,1995,SCI-FI
8.1,14,1995,THRILLER
5.8,14,1973,DRAMA
6.7,13,1997,CRIME
6.7,13,1997,DRAMA
6.7,13,1997,THRILLER
7.3,10,2000,DRAMA
7.3,10,2000,FANTASY
7.3,10,2000,MYSTERY
7.3,10,2000,THRILLER
8.3,15,1992,DRAMA
8.3,15,1992,WESTERN
8.7,16,1995,CRIME
8.7,16,1995,MYSTERY
8.7,16,1995,THRILLER
5.7,22,1974,DRAMA
8.6,10,1958,CRIME
8.6,10,1958,MYSTERY
8.6,10,1958,ROMANCE
8.6,10,1958,THRILLER
6.0,13,1998,COMEDY
6.0,13,1998,CRIME
6.0,13,1998,THRILLER
8.2,17,1961,DRAMA
5.3,9,1995,ACTION
5.3,9,1995,CRIME
5.3,9,1995,SCI-FI
5.3,9,1995,THRILLER
7.1,21,1997,COMEDY
7.1,21,1997,DRAMA
7.3,18,1987,CRIME
7.3,18,1987,DRAMA
6.0,12,1988,COMEDY
6.0,12,1988,FANTASY
6.0,12,1988,HORROR
6.5,10,2000,DRAMA
6.5,10,2000,HORROR
6.5,10,2000,MYSTERY
6.5,10,2000,THRILLER
6.3,2,2000,COMEDY
6.3,2,2000,FANTASY
6.3,2,2000,ROMANCE
6.5,15,1996,DOCUMENTARY
6.5,15,1996,SHORT
4.4,6,1994,DRAMA
4.4,6,1994,THRILLER
4.5,15,2003,COMEDY
6.6,13,1998,CRIME
6.6,13,1998,MYSTERY
6.6,13,1998,THRILLER
4.3,9,1999,ACTION
4.3,9,1999,WESTERN
4.3,9,1999,COMEDY
4.3,9,1999,SCI-FI
7.1,10,1988,ACTION
7.1,10,1988,ADVENTURE
7.1,10,1988,DRAMA
7.1,10,1988,FANTASY
7.1,10,1988,ROMANCE
7.6,10,1985,DRAMA
7.6,10,1985,ROMANCE
7.6,10,1985,THRILLER
8.3,17,1939,ADVENTURE
8.3,17,1939,FAMILY
8.3,17,1939,FANTASY
8.3,17,1939,MUSICAL
6.3,10,1999,ACTION
6.3,10,1999,ADVENTURE
6.3,10,1999,THRILLER
7.8,16,2009,ACTION
7.8,16,2009,CRIME
7.8,16,2009,FANTASY
7.8,16,2009,MYSTERY
7.8,16,2009,SCI-FI
7.8,16,2009,THRILLER
5.6,11,2002,ACTION
5.6,11,2002,ADVENTURE
5.6,11,2002,CRIME
7.4,9,2000,ACTION
7.4,9,2000,SCI-FI
8.0,14,1974,COMEDY
8.0,14,1974,SCI-FI
6.4,10,1979,ACTION
6.4,10,1979,ADVENTURE
6.4,10,1979,DRAMA
6.4,10,1979,HISTORY
6.4,10,1979,WAR
